<?xml version="1.0" encoding="UTF-8"?>
<project xmlns="http://maven.apache.org/POM/4.0.0" xmlns:xsi="http://www.w3.org/2001/XMLSchema-instance"
	xsi:schemaLocation="http://maven.apache.org/POM/4.0.0 http://maven.apache.org/xsd/maven-4.0.0.xsd">
	<modelVersion>4.0.0</modelVersion>

	<groupId>com.in28minutes.springboot.web</groupId>
	<artifactId>spring-boot-first-web-application-git</artifactId>
	<version>0.0.1-SNAPSHOT</version>
	<packaging>war</packaging>

	<name>spring-boot-first-web-application</name>
	<description>Demo project for Spring Boot</description>

	<parent>
		<groupId>org.springframework.boot</groupId>
		<artifactId>spring-boot-starter-parent</artifactId>
		<version>1.4.3.RELEASE</version>
		<relativePath />
	</parent>

	<properties>
		<project.build.sourceEncoding>UTF-8</project.build.sourceEncoding>
		<project.reporting.outputEncoding>UTF-8</project.reporting.outputEncoding>
		<java.version>1.8</java.version>
		<sonar.organization>v-cubed-solutions-inc</sonar.organization>
		<sonar.host.url>https://sonarcloud.io</sonar.host.url>
	</properties>

	<dependencies>
		<dependency>
			<groupId>org.springframework.boot</groupId>
			<artifactId>spring-boot-starter-web</artifactId>
		</dependency>

		<dependency>
			<groupId>org.springframework.boot</groupId>
			<artifactId>spring-boot-starter-tomcat</artifactId>
			<scope>provided</scope>
		</dependency>

		<dependency>
			<groupId>io.github.bonigarcia</groupId>
			<artifactId>webdrivermanager</artifactId>
			<version>3.8.1</version>
		</dependency> 
		
		<dependency>
			<groupId>org.springframework.boot</groupId>
			<artifactId>spring-boot-starter-security</artifactId>
		</dependency>

		<dependency>
			<groupId>javax.servlet</groupId>
			<artifactId>jstl</artifactId>
		</dependency>

		<dependency>
			<groupId>org.webjars</groupId>
			<artifactId>bootstrap</artifactId>
			<version>3.3.6</version>
		</dependency>
		
		<dependency>
			<groupId>org.webjars</groupId>
			<artifactId>bootstrap-datepicker</artifactId>
			<version>1.0.1</version>
		</dependency>
		
		<dependency>
			<groupId>org.webjars</groupId>
			<artifactId>jquery</artifactId>
			<version>1.9.1</version>
		</dependency>

		<dependency>
			<groupId>org.apache.tomcat.embed</groupId>
			<artifactId>tomcat-embed-jasper</artifactId>
			<scope>provided</scope>
		</dependency>

		<dependency>
			<groupId>org.springframework.boot</groupId>
			<artifactId>spring-boot-devtools</artifactId>
			<scope>compile</scope>
		</dependency>

		<dependency>
			<groupId>javax.activation</groupId>
			<artifactId>activation</artifactId>
			<version>1.1.1</version>
			<scope>compile</scope>
		</dependency>

		<dependency>
			<groupId>junit</groupId>
			<artifactId>junit</artifactId>
			<version>4.13.2</version>
			<scope>test</scope>
		</dependency>

		<dependency>
			<groupId>org.springframework.boot</groupId>
			<artifactId>spring-boot-starter-test</artifactId>
			<scope>test</scope>
		</dependency>

		<dependency>
			<groupId>org.seleniumhq.selenium</groupId>
			<artifactId>selenium-java</artifactId>
			<version>4.9.0</version>
		</dependency>
	</dependencies>

	<build>
		<resources>
			<resource>
				<filtering>true</filtering>
				<directory>src/test/resources</directory>
				<includes>
					<include>**/*.properties</include>
				</includes>
				<excludes>
					<exclude>**/*local.properties</exclude>
				</excludes>
			</resource>
			<resource>
				<directory>src/main/resources</directory>
				<includes>
					<include>**/*.properties</include>
					<include>**/*.xml</include>
				</includes>
			</resource>
		</resources>
		
		<plugins>
			<plugin>
				<groupId>org.eluder.coveralls</groupId>
				<artifactId>coveralls-maven-plugin</artifactId>
				<version>4.3.0</version>
				<configuration>
					<repoToken>T4UDgHuVZbdlyAKIi2TloejSZuqv7ybYB</repoToken>
				</configuration>
			</plugin>

			<plugin>
				<groupId>org.apache.maven.plugins</groupId>
				<artifactId>maven-dependency-plugin</artifactId>
				<version>2.5.1</version>
			</plugin>
			
			<plugin>
				<groupId>org.springframework.boot</groupId>
				<artifactId>spring-boot-maven-plugin</artifactId>
				<configuration>
					<excludeDevtools>true</excludeDevtools>
				</configuration>
			</plugin> 

			<plugin>
				<groupId>org.apache.maven.plugins</groupId>
				<artifactId>maven-surefire-plugin</artifactId>
				<version>2.12.4</version>
			</plugin>

			<plugin>
				<groupId>org.jacoco</groupId>
				<artifactId>jacoco-maven-plugin</artifactId>
				<version>0.8.10</version>
				<executions>
					<execution>
						<id>prepare-agent</id>
						<goals>
							<goal>prepare-agent</goal>
						</goals>
					</execution>
					<execution>
						<id>report</id>
						<goals>
							<goal>report</goal>
						</goals>
						<configuration>
							<formats>
								<format>XML</format>
							</formats>
						</configuration>
					</execution>
				</executions>
			</plugin>
		</plugins>
	</build>
</project>
